taskId,imageID0,2731,2772,2563,2764,2465,2556,2607,2688,2659,25710,25411,26612,24713,25914,25315,25116,26717,26918,25319,27020,25021,27422,26023,27924,27125,25826,24827,26428,27829,26130,26431,26332,25233,26234,26635,25136,24837,27138,27239,27540,249