imageId,taskID
256.0,2.0
257.0,9.0
258.0,25.0
259.0,13.0
260.0,6.0
261.0,29.0
262.0,33.0
263.0,31.0
264.0,27.0
265.0,8.0
266.0,11.0
267.0,16.0
268.0,7.0
269.0,17.0
270.0,19.0
271.0,24.0
272.0,38.0
273.0,0.0
274.0,21.0
275.0,39.0
276.0,3.0
277.0,1.0
278.0,28.0
279.0,23.0
246.0,4.0
247.0,12.0
248.0,26.0
249.0,40.0
250.0,20.0
251.0,15.0
252.0,32.0
253.0,14.0
254.0,10.0
255.0,5.0
